Student,class
165730,1AI
165731,1AI
165732,1AI
165733,1AI
165734,1AI
165735,1AI
165736,1AI
165737,1AI
165738,1AI
165739,1AI
1657310,1AI
1657311,1AI
1657312,1AI
1657313,1AI
1657314,1AI
1657315,1AI
1657316,1AI
1657317,1AI
1657318,1AI
1657319,1AI
1657320,1AI
1657321,1AI
1657322,1AI
166730,1BI
166731,1BI
166732,1BI
166733,1BI
166734,1BI
166735,1BI
166736,1BI
166737,1BI
166738,1BI
166739,1BI
1667310,1BI
1667311,1BI
1667312,1BI
1667313,1BI
1667314,1BI
1667315,1BI
1667316,1BI
1667317,1BI
1667318,1BI
1667319,1BI
1667320,1BI
1667321,1BI
1667322,1BI
167730,1CI
167731,1CI
167732,1CI
167733,1CI
167734,1CI
167735,1CI
167736,1CI
167737,1CI
167738,1CI
167739,1CI
1677310,1CI
1677311,1CI
1677312,1CI
1677313,1CI
1677314,1CI
1677315,1CI
1677316,1CI
1677317,1CI
1677318,1CI
1677319,1CI
1677320,1CI
1677321,1CI
1677322,1CI
168730,1DI
168731,1DI
168732,1DI
168733,1DI
168734,1DI
168735,1DI
168736,1DI
168737,1DI
168738,1DI
168739,1DI
1687310,1DI
1687311,1DI
1687312,1DI
1687313,1DI
1687314,1DI
1687315,1DI
1687316,1DI
1687317,1DI
1687318,1DI
1687319,1DI
1687320,1DI
1687321,1DI
1687322,1DI
169730,1EI
169731,1EI
169732,1EI
169733,1EI
169734,1EI
169735,1EI
169736,1EI
169737,1EI
169738,1EI
169739,1EI
1697310,1EI
1697311,1EI
1697312,1EI
1697313,1EI
1697314,1EI
1697315,1EI
1697316,1EI
1697317,1EI
1697318,1EI
1697319,1EI
1697320,1EI
1697321,1EI
1697322,1EI
170760,1FL
170761,1FL
170762,1FL
170763,1FL
170764,1FL
170765,1FL
170766,1FL
170767,1FL
170768,1FL
170769,1FL
1707610,1FL
1707611,1FL
1707612,1FL
1707613,1FL
1707614,1FL
1707615,1FL
1707616,1FL
1707617,1FL
1707618,1FL
1707619,1FL
1707620,1FL
1707621,1FL
1707622,1FL
171760,1GL
171761,1GL
171762,1GL
171763,1GL
171764,1GL
171765,1GL
171766,1GL
171767,1GL
171768,1GL
171769,1GL
1717610,1GL
1717611,1GL
1717612,1GL
1717613,1GL
1717614,1GL
1717615,1GL
1717616,1GL
1717617,1GL
1717618,1GL
1717619,1GL
1717620,1GL
1717621,1GL
1717622,1GL
172760,1HL
172761,1HL
172762,1HL
172763,1HL
172764,1HL
172765,1HL
172766,1HL
172767,1HL
172768,1HL
172769,1HL
1727610,1HL
1727611,1HL
1727612,1HL
1727613,1HL
1727614,1HL
1727615,1HL
1727616,1HL
1727617,1HL
1727618,1HL
1727619,1HL
1727620,1HL
1727621,1HL
1727622,1HL
173760,1IL
173761,1IL
173762,1IL
173763,1IL
173764,1IL
173765,1IL
173766,1IL
173767,1IL
173768,1IL
173769,1IL
1737610,1IL
1737611,1IL
1737612,1IL
1737613,1IL
1737614,1IL
1737615,1IL
1737616,1IL
1737617,1IL
1737618,1IL
1737619,1IL
1737620,1IL
1737621,1IL
1737622,1IL
176690,1LE
176691,1LE
176692,1LE
176693,1LE
176694,1LE
176695,1LE
176696,1LE
176697,1LE
176698,1LE
176699,1LE
1766910,1LE
1766911,1LE
1766912,1LE
1766913,1LE
1766914,1LE
1766915,1LE
1766916,1LE
1766917,1LE
1766918,1LE
1766919,1LE
1766920,1LE
1766921,1LE
1766922,1LE
177690,1ME
177691,1ME
177692,1ME
177693,1ME
177694,1ME
177695,1ME
177696,1ME
177697,1ME
177698,1ME
177699,1ME
1776910,1ME
1776911,1ME
1776912,1ME
1776913,1ME
1776914,1ME
1776915,1ME
1776916,1ME
1776917,1ME
1776918,1ME
1776919,1ME
1776920,1ME
1776921,1ME
1776922,1ME
178690,1NE
178691,1NE
178692,1NE
178693,1NE
178694,1NE
178695,1NE
178696,1NE
178697,1NE
178698,1NE
178699,1NE
1786910,1NE
1786911,1NE
1786912,1NE
1786913,1NE
1786914,1NE
1786915,1NE
1786916,1NE
1786917,1NE
1786918,1NE
1786919,1NE
1786920,1NE
1786921,1NE
1786922,1NE
179690,1OE
179691,1OE
179692,1OE
179693,1OE
179694,1OE
179695,1OE
179696,1OE
179697,1OE
179698,1OE
179699,1OE
1796910,1OE
1796911,1OE
1796912,1OE
1796913,1OE
1796914,1OE
1796915,1OE
1796916,1OE
1796917,1OE
1796918,1OE
1796919,1OE
1796920,1OE
1796921,1OE
1796922,1OE
180690,1PE
180691,1PE
180692,1PE
180693,1PE
180694,1PE
180695,1PE
180696,1PE
180697,1PE
180698,1PE
180699,1PE
1806910,1PE
1806911,1PE
1806912,1PE
1806913,1PE
1806914,1PE
1806915,1PE
1806916,1PE
1806917,1PE
1806918,1PE
1806919,1PE
1806920,1PE
1806921,1PE
1806922,1PE
265730,2AI
265731,2AI
265732,2AI
265733,2AI
265734,2AI
265735,2AI
265736,2AI
265737,2AI
265738,2AI
265739,2AI
2657310,2AI
2657311,2AI
2657312,2AI
2657313,2AI
2657314,2AI
2657315,2AI
2657316,2AI
2657317,2AI
2657318,2AI
2657319,2AI
2657320,2AI
2657321,2AI
2657322,2AI
266730,2BI
266731,2BI
266732,2BI
266733,2BI
266734,2BI
266735,2BI
266736,2BI
266737,2BI
266738,2BI
266739,2BI
2667310,2BI
2667311,2BI
2667312,2BI
2667313,2BI
2667314,2BI
2667315,2BI
2667316,2BI
2667317,2BI
2667318,2BI
2667319,2BI
2667320,2BI
2667321,2BI
2667322,2BI
267730,2CI
267731,2CI
267732,2CI
267733,2CI
267734,2CI
267735,2CI
267736,2CI
267737,2CI
267738,2CI
267739,2CI
2677310,2CI
2677311,2CI
2677312,2CI
2677313,2CI
2677314,2CI
2677315,2CI
2677316,2CI
2677317,2CI
2677318,2CI
2677319,2CI
2677320,2CI
2677321,2CI
2677322,2CI
268730,2DI
268731,2DI
268732,2DI
268733,2DI
268734,2DI
268735,2DI
268736,2DI
268737,2DI
268738,2DI
268739,2DI
2687310,2DI
2687311,2DI
2687312,2DI
2687313,2DI
2687314,2DI
2687315,2DI
2687316,2DI
2687317,2DI
2687318,2DI
2687319,2DI
2687320,2DI
2687321,2DI
2687322,2DI
269730,2EI
269731,2EI
269732,2EI
269733,2EI
269734,2EI
269735,2EI
269736,2EI
269737,2EI
269738,2EI
269739,2EI
2697310,2EI
2697311,2EI
2697312,2EI
2697313,2EI
2697314,2EI
2697315,2EI
2697316,2EI
2697317,2EI
2697318,2EI
2697319,2EI
2697320,2EI
2697321,2EI
2697322,2EI
270760,2FL
270761,2FL
270762,2FL
270763,2FL
270764,2FL
270765,2FL
270766,2FL
270767,2FL
270768,2FL
270769,2FL
2707610,2FL
2707611,2FL
2707612,2FL
2707613,2FL
2707614,2FL
2707615,2FL
2707616,2FL
2707617,2FL
2707618,2FL
2707619,2FL
2707620,2FL
2707621,2FL
2707622,2FL
271760,2GL
271761,2GL
271762,2GL
271763,2GL
271764,2GL
271765,2GL
271766,2GL
271767,2GL
271768,2GL
271769,2GL
2717610,2GL
2717611,2GL
2717612,2GL
2717613,2GL
2717614,2GL
2717615,2GL
2717616,2GL
2717617,2GL
2717618,2GL
2717619,2GL
2717620,2GL
2717621,2GL
2717622,2GL
272760,2HL
272761,2HL
272762,2HL
272763,2HL
272764,2HL
272765,2HL
272766,2HL
272767,2HL
272768,2HL
272769,2HL
2727610,2HL
2727611,2HL
2727612,2HL
2727613,2HL
2727614,2HL
2727615,2HL
2727616,2HL
2727617,2HL
2727618,2HL
2727619,2HL
2727620,2HL
2727621,2HL
2727622,2HL
273760,2IL
273761,2IL
273762,2IL
273763,2IL
273764,2IL
273765,2IL
273766,2IL
273767,2IL
273768,2IL
273769,2IL
2737610,2IL
2737611,2IL
2737612,2IL
2737613,2IL
2737614,2IL
2737615,2IL
2737616,2IL
2737617,2IL
2737618,2IL
2737619,2IL
2737620,2IL
2737621,2IL
2737622,2IL
276690,2LE
276691,2LE
276692,2LE
276693,2LE
276694,2LE
276695,2LE
276696,2LE
276697,2LE
276698,2LE
276699,2LE
2766910,2LE
2766911,2LE
2766912,2LE
2766913,2LE
2766914,2LE
2766915,2LE
2766916,2LE
2766917,2LE
2766918,2LE
2766919,2LE
2766920,2LE
2766921,2LE
2766922,2LE
277690,2ME
277691,2ME
277692,2ME
277693,2ME
277694,2ME
277695,2ME
277696,2ME
277697,2ME
277698,2ME
277699,2ME
2776910,2ME
2776911,2ME
2776912,2ME
2776913,2ME
2776914,2ME
2776915,2ME
2776916,2ME
2776917,2ME
2776918,2ME
2776919,2ME
2776920,2ME
2776921,2ME
2776922,2ME
278690,2NE
278691,2NE
278692,2NE
278693,2NE
278694,2NE
278695,2NE
278696,2NE
278697,2NE
278698,2NE
278699,2NE
2786910,2NE
2786911,2NE
2786912,2NE
2786913,2NE
2786914,2NE
2786915,2NE
2786916,2NE
2786917,2NE
2786918,2NE
2786919,2NE
2786920,2NE
2786921,2NE
2786922,2NE
279690,2OE
279691,2OE
279692,2OE
279693,2OE
279694,2OE
279695,2OE
279696,2OE
279697,2OE
279698,2OE
279699,2OE
2796910,2OE
2796911,2OE
2796912,2OE
2796913,2OE
2796914,2OE
2796915,2OE
2796916,2OE
2796917,2OE
2796918,2OE
2796919,2OE
2796920,2OE
2796921,2OE
2796922,2OE
280690,2PE
280691,2PE
280692,2PE
280693,2PE
280694,2PE
280695,2PE
280696,2PE
280697,2PE
280698,2PE
280699,2PE
2806910,2PE
2806911,2PE
2806912,2PE
2806913,2PE
2806914,2PE
2806915,2PE
2806916,2PE
2806917,2PE
2806918,2PE
2806919,2PE
2806920,2PE
2806921,2PE
2806922,2PE
365730,3AI
365731,3AI
365732,3AI
365733,3AI
365734,3AI
365735,3AI
365736,3AI
365737,3AI
365738,3AI
365739,3AI
3657310,3AI
3657311,3AI
3657312,3AI
3657313,3AI
3657314,3AI
3657315,3AI
3657316,3AI
3657317,3AI
3657318,3AI
3657319,3AI
3657320,3AI
3657321,3AI
3657322,3AI
366730,3BI
366731,3BI
366732,3BI
366733,3BI
366734,3BI
366735,3BI
366736,3BI
366737,3BI
366738,3BI
366739,3BI
3667310,3BI
3667311,3BI
3667312,3BI
3667313,3BI
3667314,3BI
3667315,3BI
3667316,3BI
3667317,3BI
3667318,3BI
3667319,3BI
3667320,3BI
3667321,3BI
3667322,3BI
367730,3CI
367731,3CI
367732,3CI
367733,3CI
367734,3CI
367735,3CI
367736,3CI
367737,3CI
367738,3CI
367739,3CI
3677310,3CI
3677311,3CI
3677312,3CI
3677313,3CI
3677314,3CI
3677315,3CI
3677316,3CI
3677317,3CI
3677318,3CI
3677319,3CI
3677320,3CI
3677321,3CI
3677322,3CI
368730,3DI
368731,3DI
368732,3DI
368733,3DI
368734,3DI
368735,3DI
368736,3DI
368737,3DI
368738,3DI
368739,3DI
3687310,3DI
3687311,3DI
3687312,3DI
3687313,3DI
3687314,3DI
3687315,3DI
3687316,3DI
3687317,3DI
3687318,3DI
3687319,3DI
3687320,3DI
3687321,3DI
3687322,3DI
369730,3EI
369731,3EI
369732,3EI
369733,3EI
369734,3EI
369735,3EI
369736,3EI
369737,3EI
369738,3EI
369739,3EI
3697310,3EI
3697311,3EI
3697312,3EI
3697313,3EI
3697314,3EI
3697315,3EI
3697316,3EI
3697317,3EI
3697318,3EI
3697319,3EI
3697320,3EI
3697321,3EI
3697322,3EI
370760,3FL
370761,3FL
370762,3FL
370763,3FL
370764,3FL
370765,3FL
370766,3FL
370767,3FL
370768,3FL
370769,3FL
3707610,3FL
3707611,3FL
3707612,3FL
3707613,3FL
3707614,3FL
3707615,3FL
3707616,3FL
3707617,3FL
3707618,3FL
3707619,3FL
3707620,3FL
3707621,3FL
3707622,3FL
371760,3GL
371761,3GL
371762,3GL
371763,3GL
371764,3GL
371765,3GL
371766,3GL
371767,3GL
371768,3GL
371769,3GL
3717610,3GL
3717611,3GL
3717612,3GL
3717613,3GL
3717614,3GL
3717615,3GL
3717616,3GL
3717617,3GL
3717618,3GL
3717619,3GL
3717620,3GL
3717621,3GL
3717622,3GL
372760,3HL
372761,3HL
372762,3HL
372763,3HL
372764,3HL
372765,3HL
372766,3HL
372767,3HL
372768,3HL
372769,3HL
3727610,3HL
3727611,3HL
3727612,3HL
3727613,3HL
3727614,3HL
3727615,3HL
3727616,3HL
3727617,3HL
3727618,3HL
3727619,3HL
3727620,3HL
3727621,3HL
3727622,3HL
373760,3IL
373761,3IL
373762,3IL
373763,3IL
373764,3IL
373765,3IL
373766,3IL
373767,3IL
373768,3IL
373769,3IL
3737610,3IL
3737611,3IL
3737612,3IL
3737613,3IL
3737614,3IL
3737615,3IL
3737616,3IL
3737617,3IL
3737618,3IL
3737619,3IL
3737620,3IL
3737621,3IL
3737622,3IL
376690,3LE
376691,3LE
376692,3LE
376693,3LE
376694,3LE
376695,3LE
376696,3LE
376697,3LE
376698,3LE
376699,3LE
3766910,3LE
3766911,3LE
3766912,3LE
3766913,3LE
3766914,3LE
3766915,3LE
3766916,3LE
3766917,3LE
3766918,3LE
3766919,3LE
3766920,3LE
3766921,3LE
3766922,3LE
377690,3ME
377691,3ME
377692,3ME
377693,3ME
377694,3ME
377695,3ME
377696,3ME
377697,3ME
377698,3ME
377699,3ME
3776910,3ME
3776911,3ME
3776912,3ME
3776913,3ME
3776914,3ME
3776915,3ME
3776916,3ME
3776917,3ME
3776918,3ME
3776919,3ME
3776920,3ME
3776921,3ME
3776922,3ME
378690,3NE
378691,3NE
378692,3NE
378693,3NE
378694,3NE
378695,3NE
378696,3NE
378697,3NE
378698,3NE
378699,3NE
3786910,3NE
3786911,3NE
3786912,3NE
3786913,3NE
3786914,3NE
3786915,3NE
3786916,3NE
3786917,3NE
3786918,3NE
3786919,3NE
3786920,3NE
3786921,3NE
3786922,3NE
379690,3OE
379691,3OE
379692,3OE
379693,3OE
379694,3OE
379695,3OE
379696,3OE
379697,3OE
379698,3OE
379699,3OE
3796910,3OE
3796911,3OE
3796912,3OE
3796913,3OE
3796914,3OE
3796915,3OE
3796916,3OE
3796917,3OE
3796918,3OE
3796919,3OE
3796920,3OE
3796921,3OE
3796922,3OE
380690,3PE
380691,3PE
380692,3PE
380693,3PE
380694,3PE
380695,3PE
380696,3PE
380697,3PE
380698,3PE
380699,3PE
3806910,3PE
3806911,3PE
3806912,3PE
3806913,3PE
3806914,3PE
3806915,3PE
3806916,3PE
3806917,3PE
3806918,3PE
3806919,3PE
3806920,3PE
3806921,3PE
3806922,3PE
465730,4AI
465731,4AI
465732,4AI
465733,4AI
465734,4AI
465735,4AI
465736,4AI
465737,4AI
465738,4AI
465739,4AI
4657310,4AI
4657311,4AI
4657312,4AI
4657313,4AI
4657314,4AI
4657315,4AI
4657316,4AI
4657317,4AI
4657318,4AI
4657319,4AI
4657320,4AI
4657321,4AI
4657322,4AI
466730,4BI
466731,4BI
466732,4BI
466733,4BI
466734,4BI
466735,4BI
466736,4BI
466737,4BI
466738,4BI
466739,4BI
4667310,4BI
4667311,4BI
4667312,4BI
4667313,4BI
4667314,4BI
4667315,4BI
4667316,4BI
4667317,4BI
4667318,4BI
4667319,4BI
4667320,4BI
4667321,4BI
4667322,4BI
467730,4CI
467731,4CI
467732,4CI
467733,4CI
467734,4CI
467735,4CI
467736,4CI
467737,4CI
467738,4CI
467739,4CI
4677310,4CI
4677311,4CI
4677312,4CI
4677313,4CI
4677314,4CI
4677315,4CI
4677316,4CI
4677317,4CI
4677318,4CI
4677319,4CI
4677320,4CI
4677321,4CI
4677322,4CI
468730,4DI
468731,4DI
468732,4DI
468733,4DI
468734,4DI
468735,4DI
468736,4DI
468737,4DI
468738,4DI
468739,4DI
4687310,4DI
4687311,4DI
4687312,4DI
4687313,4DI
4687314,4DI
4687315,4DI
4687316,4DI
4687317,4DI
4687318,4DI
4687319,4DI
4687320,4DI
4687321,4DI
4687322,4DI
469730,4EI
469731,4EI
469732,4EI
469733,4EI
469734,4EI
469735,4EI
469736,4EI
469737,4EI
469738,4EI
469739,4EI
4697310,4EI
4697311,4EI
4697312,4EI
4697313,4EI
4697314,4EI
4697315,4EI
4697316,4EI
4697317,4EI
4697318,4EI
4697319,4EI
4697320,4EI
4697321,4EI
4697322,4EI
470760,4FL
470761,4FL
470762,4FL
470763,4FL
470764,4FL
470765,4FL
470766,4FL
470767,4FL
470768,4FL
470769,4FL
4707610,4FL
4707611,4FL
4707612,4FL
4707613,4FL
4707614,4FL
4707615,4FL
4707616,4FL
4707617,4FL
4707618,4FL
4707619,4FL
4707620,4FL
4707621,4FL
4707622,4FL
471760,4GL
471761,4GL
471762,4GL
471763,4GL
471764,4GL
471765,4GL
471766,4GL
471767,4GL
471768,4GL
471769,4GL
4717610,4GL
4717611,4GL
4717612,4GL
4717613,4GL
4717614,4GL
4717615,4GL
4717616,4GL
4717617,4GL
4717618,4GL
4717619,4GL
4717620,4GL
4717621,4GL
4717622,4GL
472760,4HL
472761,4HL
472762,4HL
472763,4HL
472764,4HL
472765,4HL
472766,4HL
472767,4HL
472768,4HL
472769,4HL
4727610,4HL
4727611,4HL
4727612,4HL
4727613,4HL
4727614,4HL
4727615,4HL
4727616,4HL
4727617,4HL
4727618,4HL
4727619,4HL
4727620,4HL
4727621,4HL
4727622,4HL
473760,4IL
473761,4IL
473762,4IL
473763,4IL
473764,4IL
473765,4IL
473766,4IL
473767,4IL
473768,4IL
473769,4IL
4737610,4IL
4737611,4IL
4737612,4IL
4737613,4IL
4737614,4IL
4737615,4IL
4737616,4IL
4737617,4IL
4737618,4IL
4737619,4IL
4737620,4IL
4737621,4IL
4737622,4IL
476690,4LE
476691,4LE
476692,4LE
476693,4LE
476694,4LE
476695,4LE
476696,4LE
476697,4LE
476698,4LE
476699,4LE
4766910,4LE
4766911,4LE
4766912,4LE
4766913,4LE
4766914,4LE
4766915,4LE
4766916,4LE
4766917,4LE
4766918,4LE
4766919,4LE
4766920,4LE
4766921,4LE
4766922,4LE
477690,4ME
477691,4ME
477692,4ME
477693,4ME
477694,4ME
477695,4ME
477696,4ME
477697,4ME
477698,4ME
477699,4ME
4776910,4ME
4776911,4ME
4776912,4ME
4776913,4ME
4776914,4ME
4776915,4ME
4776916,4ME
4776917,4ME
4776918,4ME
4776919,4ME
4776920,4ME
4776921,4ME
4776922,4ME
478690,4NE
478691,4NE
478692,4NE
478693,4NE
478694,4NE
478695,4NE
478696,4NE
478697,4NE
478698,4NE
478699,4NE
4786910,4NE
4786911,4NE
4786912,4NE
4786913,4NE
4786914,4NE
4786915,4NE
4786916,4NE
4786917,4NE
4786918,4NE
4786919,4NE
4786920,4NE
4786921,4NE
4786922,4NE
479690,4OE
479691,4OE
479692,4OE
479693,4OE
479694,4OE
479695,4OE
479696,4OE
479697,4OE
479698,4OE
479699,4OE
4796910,4OE
4796911,4OE
4796912,4OE
4796913,4OE
4796914,4OE
4796915,4OE
4796916,4OE
4796917,4OE
4796918,4OE
4796919,4OE
4796920,4OE
4796921,4OE
4796922,4OE
480690,4PE
480691,4PE
480692,4PE
480693,4PE
480694,4PE
480695,4PE
480696,4PE
480697,4PE
480698,4PE
480699,4PE
4806910,4PE
4806911,4PE
4806912,4PE
4806913,4PE
4806914,4PE
4806915,4PE
4806916,4PE
4806917,4PE
4806918,4PE
4806919,4PE
4806920,4PE
4806921,4PE
4806922,4PE
565730,5AI
565731,5AI
565732,5AI
565733,5AI
565734,5AI
565735,5AI
565736,5AI
565737,5AI
565738,5AI
565739,5AI
5657310,5AI
5657311,5AI
5657312,5AI
5657313,5AI
5657314,5AI
5657315,5AI
5657316,5AI
5657317,5AI
5657318,5AI
5657319,5AI
5657320,5AI
5657321,5AI
5657322,5AI
566730,5BI
566731,5BI
566732,5BI
566733,5BI
566734,5BI
566735,5BI
566736,5BI
566737,5BI
566738,5BI
566739,5BI
5667310,5BI
5667311,5BI
5667312,5BI
5667313,5BI
5667314,5BI
5667315,5BI
5667316,5BI
5667317,5BI
5667318,5BI
5667319,5BI
5667320,5BI
5667321,5BI
5667322,5BI
567730,5CI
567731,5CI
567732,5CI
567733,5CI
567734,5CI
567735,5CI
567736,5CI
567737,5CI
567738,5CI
567739,5CI
5677310,5CI
5677311,5CI
5677312,5CI
5677313,5CI
5677314,5CI
5677315,5CI
5677316,5CI
5677317,5CI
5677318,5CI
5677319,5CI
5677320,5CI
5677321,5CI
5677322,5CI
568730,5DI
568731,5DI
568732,5DI
568733,5DI
568734,5DI
568735,5DI
568736,5DI
568737,5DI
568738,5DI
568739,5DI
5687310,5DI
5687311,5DI
5687312,5DI
5687313,5DI
5687314,5DI
5687315,5DI
5687316,5DI
5687317,5DI
5687318,5DI
5687319,5DI
5687320,5DI
5687321,5DI
5687322,5DI
569730,5EI
569731,5EI
569732,5EI
569733,5EI
569734,5EI
569735,5EI
569736,5EI
569737,5EI
569738,5EI
569739,5EI
5697310,5EI
5697311,5EI
5697312,5EI
5697313,5EI
5697314,5EI
5697315,5EI
5697316,5EI
5697317,5EI
5697318,5EI
5697319,5EI
5697320,5EI
5697321,5EI
5697322,5EI
570760,5FL
570761,5FL
570762,5FL
570763,5FL
570764,5FL
570765,5FL
570766,5FL
570767,5FL
570768,5FL
570769,5FL
5707610,5FL
5707611,5FL
5707612,5FL
5707613,5FL
5707614,5FL
5707615,5FL
5707616,5FL
5707617,5FL
5707618,5FL
5707619,5FL
5707620,5FL
5707621,5FL
5707622,5FL
571760,5GL
571761,5GL
571762,5GL
571763,5GL
571764,5GL
571765,5GL
571766,5GL
571767,5GL
571768,5GL
571769,5GL
5717610,5GL
5717611,5GL
5717612,5GL
5717613,5GL
5717614,5GL
5717615,5GL
5717616,5GL
5717617,5GL
5717618,5GL
5717619,5GL
5717620,5GL
5717621,5GL
5717622,5GL
572760,5HL
572761,5HL
572762,5HL
572763,5HL
572764,5HL
572765,5HL
572766,5HL
572767,5HL
572768,5HL
572769,5HL
5727610,5HL
5727611,5HL
5727612,5HL
5727613,5HL
5727614,5HL
5727615,5HL
5727616,5HL
5727617,5HL
5727618,5HL
5727619,5HL
5727620,5HL
5727621,5HL
5727622,5HL
573760,5IL
573761,5IL
573762,5IL
573763,5IL
573764,5IL
573765,5IL
573766,5IL
573767,5IL
573768,5IL
573769,5IL
5737610,5IL
5737611,5IL
5737612,5IL
5737613,5IL
5737614,5IL
5737615,5IL
5737616,5IL
5737617,5IL
5737618,5IL
5737619,5IL
5737620,5IL
5737621,5IL
5737622,5IL
576690,5LE
576691,5LE
576692,5LE
576693,5LE
576694,5LE
576695,5LE
576696,5LE
576697,5LE
576698,5LE
576699,5LE
5766910,5LE
5766911,5LE
5766912,5LE
5766913,5LE
5766914,5LE
5766915,5LE
5766916,5LE
5766917,5LE
5766918,5LE
5766919,5LE
5766920,5LE
5766921,5LE
5766922,5LE
577690,5ME
577691,5ME
577692,5ME
577693,5ME
577694,5ME
577695,5ME
577696,5ME
577697,5ME
577698,5ME
577699,5ME
5776910,5ME
5776911,5ME
5776912,5ME
5776913,5ME
5776914,5ME
5776915,5ME
5776916,5ME
5776917,5ME
5776918,5ME
5776919,5ME
5776920,5ME
5776921,5ME
5776922,5ME
578690,5NE
578691,5NE
578692,5NE
578693,5NE
578694,5NE
578695,5NE
578696,5NE
578697,5NE
578698,5NE
578699,5NE
5786910,5NE
5786911,5NE
5786912,5NE
5786913,5NE
5786914,5NE
5786915,5NE
5786916,5NE
5786917,5NE
5786918,5NE
5786919,5NE
5786920,5NE
5786921,5NE
5786922,5NE
579690,5OE
579691,5OE
579692,5OE
579693,5OE
579694,5OE
579695,5OE
579696,5OE
579697,5OE
579698,5OE
579699,5OE
5796910,5OE
5796911,5OE
5796912,5OE
5796913,5OE
5796914,5OE
5796915,5OE
5796916,5OE
5796917,5OE
5796918,5OE
5796919,5OE
5796920,5OE
5796921,5OE
5796922,5OE
580690,5PE
580691,5PE
580692,5PE
580693,5PE
580694,5PE
580695,5PE
580696,5PE
580697,5PE
580698,5PE
580699,5PE
5806910,5PE
5806911,5PE
5806912,5PE
5806913,5PE
5806914,5PE
5806915,5PE
5806916,5PE
5806917,5PE
5806918,5PE
5806919,5PE
5806920,5PE
5806921,5PE
5806922,5PE
